<?xml version="1.0" encoding="UTF-8"?>
<Window>
  	<ListContainerElement >
		<HorizontalLayout >
			<VerticalLayout>
				<HorizontalLayout name="hl0" visible="false">
	  				<Label name="label_a00" text="" align="right" width="200" height="40" textcolor="#FF918E88"/>
	  				<Label name="label_a10" text="" align="right" width="40" height="40" textcolor="#FF918E88"/>
				</HorizontalLayout>
				<HorizontalLayout name="hl1" visible="false">
					<Label name="label_a01" text="" align="right" width="200" height="40" textcolor="#FF918E88"/>
					<Label name="label_a11" text="" align="right" width="40" height="40" textcolor="#FF918E88"/>
				</HorizontalLayout>
				<HorizontalLayout name="hl2" visible="false">
					<Label name="label_a02" text="" align="right" width="200" height="40" textcolor="#FF918E88"/>
					<Label name="label_a12" text="" align="right" width="40" height="40" textcolor="#FF918E88"/>
				</HorizontalLayout>
				<HorizontalLayout name="hl3" visible="false">
	  				<Label name="label_a03" text="" align="right" width="200" height="40" textcolor="#FF918E88"/>
	  				<Label name="label_a13" text="" align="right" width="40" height="40" textcolor="#FF918E88"/>
				</HorizontalLayout>
				<HorizontalLayout name="hl4" visible="false">
					<Label name="label_a04" text="" align="right" width="200" height="40" textcolor="#FF918E88"/>
					<Label name="label_a14" text="" align="right" width="40" height="40" textcolor="#FF918E88"/>
				</HorizontalLayout>
				<HorizontalLayout name="hl5" visible="false">
					<Label name="label_a05" text="" align="right" width="200" height="40" textcolor="#FF918E88"/>
					<Label name="label_a15" text="" align="right" width="40" height="40" textcolor="#FF918E88"/>
				</HorizontalLayout>
				<HorizontalLayout name="hl6" visible="false">
					<Label name="label_a06" text="" align="right" width="200" height="40" textcolor="#FF918E88"/>
					<Label name="label_a16" text="" align="right" width="40" height="40" textcolor="#FF918E88"/>
				</HorizontalLayout>
				<HorizontalLayout name="hl7" visible="false">
					<Label name="label_a07" text="" align="right" width="200" height="40" textcolor="#FF918E88"/>
					<Label name="label_a17" text="" align="right" width="40" height="40" textcolor="#FF918E88"/>
				</HorizontalLayout>
				<HorizontalLayout name="hl8" visible="false">
					<Label name="label_a08" text="" align="right" width="200" height="40" textcolor="#FF918E88"/>
					<Label name="label_a18" text="" align="right" width="40" height="40" textcolor="#FF918E88"/>
				</HorizontalLayout>
				<HorizontalLayout name="hl9" visible="false">
					<Label name="label_a09" text="" align="right" width="200" height="40" textcolor="#FF918E88"/>
					<Label name="label_a19" text="" align="right" width="40" height="40" textcolor="#FF918E88"/>
				</HorizontalLayout>
			</VerticalLayout>
		</HorizontalLayout>
 	 </ListContainerElement>
</Window>