<?xml version="1.0" encoding="utf-8" standalone="yes" ?>
<Window size="854,40">
    <HorizontalLayout name="ctnCaption" bkimage="caption_bk.png" bkcolor="#000E1A2F" bkcolor2="#00060606">
        <VerticalLayout width="820">
            <!--Button name="btnMenu" float="true" pos="10,7,0,0" width="38" height="26" textcolor="#FF000000" disabledtextcolor="#FFA7A6AA" align="center" normalimage="file=&apos;btn_menu.png&apos; source=&apos;0,0,38,26&apos;" hotimage="file=&apos;btn_menu.png&apos; source=&apos;117,0,155,26&apos;" pushedimage="file=&apos;btn_menu.png&apos; source=&apos;78,0,116,26&apos;" focusedimage="file=&apos;btn_menu.png&apos; source=&apos;39,0,77,26&apos;" /-->
            <Label name="label_title" text="天则单载波无人机图传接收机PC视频软件" float="true" pos="265,2,0,0" width="300" height="36" textcolor="#00000000" disabledtextcolor="#FFA7A6AA" font="3" textpadding="2,2,2,2"/>
            <Label name="label_device" text="-设备未连接" float="true" pos="565,2,0,0" width="255" height="36" textcolor="#00000000" disabledtextcolor="#FFA7A6AA" font="3" textpadding="2,2,2,2"/>
            <Button name="btnMenu" float="true" pos="10,7,0,0" width="38" height="26" textcolor="#FF000000" disabledtextcolor="#FFA7A6AA" align="center" normalimage="file=&apos;btn_menu.png&apos; source=&apos;0,0,38,26&apos;"/>
            <!--Option name="tabSet" text="设置" float="true" pos="66,0,0,0" width="88" height="38" textcolor="#FFB7DBFB" disabledtextcolor="#FFA7A6AA" font="1" align="center" hottextcolor="#FF084DC8" group="caption" selected="true" selectedimage="light_top.png" />
            <Option name="tabPlay" text="播放" float="true" pos="165,0,0,0" width="88" height="38" textcolor="#FF8F99A4" disabledtextcolor="#FFA7A6AA" font="1" align="center" hottextcolor="#FF084DC8" group="caption" selectedimage="light_top.png" /-->
            <!--Option name="tabFind" text="找片" float="true" pos="264,0,0,0" width="88" height="38" textcolor="#FF8F99A4" disabledtextcolor="#FFA7A6AA" font="0" align="center" hottextcolor="#FF084DC8" group="caption" selectedimage="light_top.png" />
            <Option name="tabMine" text="我的" float="true" pos="363,0,0,0" width="88" height="38" textcolor="#FF8F99A4" disabledtextcolor="#FFA7A6AA" font="0" align="center" hottextcolor="#FF084DC8" group="caption" selectedimage="light_top.png" />
            <Option name="tabCloud" text="云播" float="true" pos="462,0,0,0" width="88" height="38" textcolor="#FF8F99A4" disabledtextcolor="#FFA7A6AA" font="0" align="center" hottextcolor="#FF084DC8" group="caption" selectedimage="light_top.png" /-->
        </VerticalLayout>
        <VerticalLayout />
        <VerticalLayout width="162" height="40">
            <!--Button name="aboutbtn" float="true" pos="31,14,0,0" width="24" height="13" textcolor="#FF000000" disabledtextcolor="#FFA7A6AA" align="center" normalimage="file=&apos;btn_login.png&apos; source=&apos;0,0,24,13&apos;" hotimage="file=&apos;btn_login.png&apos; source=&apos;25,0,49,13&apos;" pushedimage="file=&apos;btn_login.png&apos; source=&apos;50,0,74,13&apos;" /-->
            <!--Combo name="comboLang" float="true" pos="2,7,0,0" valign="vcenter" width="60" height="20" dropboxsize="90,90" itemfont="4" itemtextcolor="#FFC8C6CB" itemselectedtextcolor="#FFC8C6CB" itemhottextcolor="#FFC8C6CB" itembkcolor="#FF2E2E2E" itemselectedbkcolor="#FF2E2E2E" itemhotbkcolor="#FF191919" normalimage="file='combo_right.png' source='0,0,20,20' dest='27,0,47,20' " hotimage="file='combo_right.png' source='21,0,41,20' dest='27,0,47,20' "-->
            <Combo name="comboLang" visible="false" float="true" pos="2,7,0,0" valign="vcenter" width="60" height="20" dropboxsize="70,90" itemfont="4" itemtextcolor="#FFC8C6CB" itemselectedtextcolor="#FFC8C6CB" itemhottextcolor="#FFC8C6CB" itembkcolor="#FF2E2E2E" itemselectedbkcolor="#FF2E2E2E" itemhotbkcolor="#FF191919" >
            	<ListLabelElement name="comboChs" text="中文" font="0" selected="true" />
            	<ListLabelElement name="comboEn" text="english" font="0"/>
            	<ListLabelElement name="comboRu" text="русский" font="3"/>
            </Combo>
            <Button name="minbtn" float="true" pos="69,9,0,0" width="21" height="21" normalimage="file='btn_min.png' source='0,0,20,20'" hotimage="file='btn_min.png' source='21,0,42,20'" pushedimage="file='btn_min.png' source='43,0,63,20'"/>
            <Button name="maxbtn" float="true" pos="97,9,0,0" width="21" height="21" normalimage="file='btn_max.png' source='0,0,20,20'" hotimage="file='btn_max.png' source='21,0,42,20'" pushedimage="file='btn_max.png' source='43,0,63,20'"/>
            <Button name="restorebtn" visible="false" float="true" pos="97,9,0,0" width="21" height="21" normalimage="file='btn_restore.png' source='0,0,20,20'" hotimage="file='btn_restore.png' source='21,0,42,20'" pushedimage="file='btn_restore.png' source='43,0,63,20'"/>
            <Button name="closebtn" float="true" pos="125,9,0,0" width="21" height="21" normalimage="file='btn_close.png' source='0,0,20,20'" hotimage="file='btn_close.png' source='21,0,42,20'" pushedimage="file='btn_close.png' source='43,0,63,20'" />
        </VerticalLayout>
    </HorizontalLayout>
</Window>
