<?xml version="1.0" encoding="UTF-8"?>
<Window size="400,150" caption="0,0,0,36" roundcorner="0,0" >
	<Default name="VScrollBar" value="button1normalimage=&quot;file='scrollbar.bmp' source='0,90,16,106' mask='#FFFF00FF'&quot; button1hotimage=&quot;file='scrollbar.bmp' source='18,90,34,106' mask='#FFFF00FF'&quot; button1pushedimage=&quot;file='scrollbar.bmp' source='36,90,52,106' mask='#FFFF00FF'&quot; button1disabledimage=&quot;file='scrollbar.bmp' source='54,90,70,106' mask='#FFFF00FF'&quot; button2normalimage=&quot;file='scrollbar.bmp' source='0,108,16,124' mask='#FFFF00FF'&quot; button2hotimage=&quot;file='scrollbar.bmp' source='18,108,34,124' mask='#FFFF00FF'&quot; button2pushedimage=&quot;file='scrollbar.bmp' source='36,108,52,124' mask='#FFFF00FF'&quot; button2disabledimage=&quot;file='scrollbar.bmp' source='54,108,70,124' mask='#FFFF00FF'&quot; thumbnormalimage=&quot;file='scrollbar.bmp' source='0,126,16,142' corner='2,2,2,2' mask='#FFFF00FF'&quot; thumbhotimage=&quot;file='scrollbar.bmp' source='18,126,34,142' corner='2,2,2,2' mask='#FFFF00FF'&quot; thumbpushedimage=&quot;file='scrollbar.bmp' source='36,126,52,142' corner='2,2,2,2' mask='#FFFF00FF'&quot; thumbdisabledimage=&quot;file='scrollbar.bmp' source='54,126,70,142' corner='2,2,2,2' mask='#FFFF00FF'&quot; railnormalimage=&quot;file='scrollbar.bmp' source='0,144,16,160' corner='2,2,2,2' mask='#FFFF00FF'&quot; railhotimage=&quot;file='scrollbar.bmp' source='18,144,34,160' corner='2,2,2,2' mask='#FFFF00FF'&quot; railpushedimage=&quot;file='scrollbar.bmp' source='36,144,52,160' corner='2,2,2,2' mask='#FFFF00FF'&quot; raildisabledimage=&quot;file='scrollbar.bmp' source='54,144,70,160' corner='2,2,2,2' mask='#FFFF00FF'&quot; bknormalimage=&quot;file='scrollbar.bmp' source='0,162,16,178' corner='2,2,2,2' mask='#FFFF00FF'&quot; bkhotimage=&quot;file='scrollbar.bmp' source='18,162,34,178' corner='2,2,2,2' mask='#FFFF00FF'&quot; bkpushedimage=&quot;file='scrollbar.bmp' source='36,162,52,178' corner='2,2,2,2' mask='#FFFF00FF'&quot; bkdisabledimage=&quot;file='scrollbar.bmp' source='54,162,70,178' corner='2,2,2,2' mask='#FFFF00FF'&quot; " />
	<!--VerticalLayout inset="4,0,4,4" bkimage="file='winbk.bmp' corner='4,48,4,4' mask='#FFFF00FF'" -->
	<VerticalLayout inset="0,0,0,4" bkcolor="#FF372F24">
		<HorizontalLayout height="32" inset="2,2,2,0" bkimage="msg_bk.png" >
			<Label text="文件更新" width="80" />
			<!--
			<Control />
			<Button name="closebtn" width="42" maxheight="18" tooltip="点击这里直接退出游戏" normalimage="file='frame_btn_close_normal.bmp' mask='#FFFF00FF'" hotimage="file='frame_btn_close_hot.bmp' mask='#FFFF00FF'" pushedimage="file='frame_btn_close_down.bmp' mask='#FFFF00FF'"/>
			-->
		</HorizontalLayout>
		<HorizontalLayout >
			<Label name="label_msg_file"  textcolor="0xFFB9B899" endellipsis="true" text="发送文件：E:\\work\\天则测试\\TZSerial\\TZSerial\\TZSerial.aps"  />
			<Label name="label_msg_value" textcolor="0xFFB9B899" text="0%" width="40" />
		</HorizontalLayout>
		<HorizontalLayout height="24">
			<!--Progress name="progress_msg_value" height="20" bkcolor="#FFF8B343" /-->
			<Progress name="progress_msg_value" height="24" bkimage="progress_back.png" foreimage="progress_fore.png" />
			<Control width="10" />
			<Button name="btn_send" text="取消" width="60" normalimage="btn_normal.png" hotimage="btn_highlight.png" pushedimage="btn_down.png" />
		</HorizontalLayout>
		<!--Control height="60" bkcolor="#FFFF0000" /-->

    </VerticalLayout>
</Window>