<?xml version="1.0" encoding="UTF-8"?>
<Window size="400,200" caption="0,0,0,36" roundcorner="0,0" >
	<Default name="VScrollBar" value="button1normalimage=&quot;file='scrollbar.bmp' source='0,90,16,106' mask='#FFFF00FF'&quot; button1hotimage=&quot;file='scrollbar.bmp' source='18,90,34,106' mask='#FFFF00FF'&quot; button1pushedimage=&quot;file='scrollbar.bmp' source='36,90,52,106' mask='#FFFF00FF'&quot; button1disabledimage=&quot;file='scrollbar.bmp' source='54,90,70,106' mask='#FFFF00FF'&quot; button2normalimage=&quot;file='scrollbar.bmp' source='0,108,16,124' mask='#FFFF00FF'&quot; button2hotimage=&quot;file='scrollbar.bmp' source='18,108,34,124' mask='#FFFF00FF'&quot; button2pushedimage=&quot;file='scrollbar.bmp' source='36,108,52,124' mask='#FFFF00FF'&quot; button2disabledimage=&quot;file='scrollbar.bmp' source='54,108,70,124' mask='#FFFF00FF'&quot; thumbnormalimage=&quot;file='scrollbar.bmp' source='0,126,16,142' corner='2,2,2,2' mask='#FFFF00FF'&quot; thumbhotimage=&quot;file='scrollbar.bmp' source='18,126,34,142' corner='2,2,2,2' mask='#FFFF00FF'&quot; thumbpushedimage=&quot;file='scrollbar.bmp' source='36,126,52,142' corner='2,2,2,2' mask='#FFFF00FF'&quot; thumbdisabledimage=&quot;file='scrollbar.bmp' source='54,126,70,142' corner='2,2,2,2' mask='#FFFF00FF'&quot; railnormalimage=&quot;file='scrollbar.bmp' source='0,144,16,160' corner='2,2,2,2' mask='#FFFF00FF'&quot; railhotimage=&quot;file='scrollbar.bmp' source='18,144,34,160' corner='2,2,2,2' mask='#FFFF00FF'&quot; railpushedimage=&quot;file='scrollbar.bmp' source='36,144,52,160' corner='2,2,2,2' mask='#FFFF00FF'&quot; raildisabledimage=&quot;file='scrollbar.bmp' source='54,144,70,160' corner='2,2,2,2' mask='#FFFF00FF'&quot; bknormalimage=&quot;file='scrollbar.bmp' source='0,162,16,178' corner='2,2,2,2' mask='#FFFF00FF'&quot; bkhotimage=&quot;file='scrollbar.bmp' source='18,162,34,178' corner='2,2,2,2' mask='#FFFF00FF'&quot; bkpushedimage=&quot;file='scrollbar.bmp' source='36,162,52,178' corner='2,2,2,2' mask='#FFFF00FF'&quot; bkdisabledimage=&quot;file='scrollbar.bmp' source='54,162,70,178' corner='2,2,2,2' mask='#FFFF00FF'&quot; " />
	<VerticalLayout inset="0,0,0,4" bkcolor="#FF372F24" >
		<HorizontalLayout height="32" inset="2,2,2,0"  bkimage="msg_bk.png">
			<Label text="产品注册" width="80" />
		</HorizontalLayout>
		<VerticalLayout >
			<Control />
			<HorizontalLayout>
			<Label text="产品ID" width="60" textcolor="0xFFB9B899"/>
			<Edit name="edit_reg_id"  text="" bkcolor="#FF5E5847" textpadding="4,3,4,3" textcolor="#FFB9B899" />
			</HorizontalLayout>
			<HorizontalLayout />
			<HorizontalLayout>
			<Label text="产品KEY" width="60" textcolor="0xFFB9B899"/>
			<Edit name="edit_reg_key" text="" bkcolor="#FF5E5847" textpadding="4,3,4,3" textcolor="#FFB9B899" />
			</HorizontalLayout>
			<HorizontalLayout />
		</VerticalLayout>
		<HorizontalLayout height="24">
			<Control />
			<Button name="btn_reg_ok"  text="确定" normalimage="btn_normal.png" hotimage="btn_highlight.png" pushedimage="btn_down.png" />
			<Control />
			<Button name="btn_reg_cancel"  text="取消" normalimage="btn_normal2.png" hotimage="btn_highlight2.png" pushedimage="btn_down2.png" />
			<Control />
		</HorizontalLayout>
    </VerticalLayout>
</Window>