<?xml version="1.0" encoding="UTF-8"?>
<Window size="400,150" caption="0,0,0,36" roundcorner="0,0" >
	<Default name="VScrollBar" value="button1normalimage=&quot;file='scrollbar.bmp' source='0,90,16,106' mask='#FFFF00FF'&quot; button1hotimage=&quot;file='scrollbar.bmp' source='18,90,34,106' mask='#FFFF00FF'&quot; button1pushedimage=&quot;file='scrollbar.bmp' source='36,90,52,106' mask='#FFFF00FF'&quot; button1disabledimage=&quot;file='scrollbar.bmp' source='54,90,70,106' mask='#FFFF00FF'&quot; button2normalimage=&quot;file='scrollbar.bmp' source='0,108,16,124' mask='#FFFF00FF'&quot; button2hotimage=&quot;file='scrollbar.bmp' source='18,108,34,124' mask='#FFFF00FF'&quot; button2pushedimage=&quot;file='scrollbar.bmp' source='36,108,52,124' mask='#FFFF00FF'&quot; button2disabledimage=&quot;file='scrollbar.bmp' source='54,108,70,124' mask='#FFFF00FF'&quot; thumbnormalimage=&quot;file='scrollbar.bmp' source='0,126,16,142' corner='2,2,2,2' mask='#FFFF00FF'&quot; thumbhotimage=&quot;file='scrollbar.bmp' source='18,126,34,142' corner='2,2,2,2' mask='#FFFF00FF'&quot; thumbpushedimage=&quot;file='scrollbar.bmp' source='36,126,52,142' corner='2,2,2,2' mask='#FFFF00FF'&quot; thumbdisabledimage=&quot;file='scrollbar.bmp' source='54,126,70,142' corner='2,2,2,2' mask='#FFFF00FF'&quot; railnormalimage=&quot;file='scrollbar.bmp' source='0,144,16,160' corner='2,2,2,2' mask='#FFFF00FF'&quot; railhotimage=&quot;file='scrollbar.bmp' source='18,144,34,160' corner='2,2,2,2' mask='#FFFF00FF'&quot; railpushedimage=&quot;file='scrollbar.bmp' source='36,144,52,160' corner='2,2,2,2' mask='#FFFF00FF'&quot; raildisabledimage=&quot;file='scrollbar.bmp' source='54,144,70,160' corner='2,2,2,2' mask='#FFFF00FF'&quot; bknormalimage=&quot;file='scrollbar.bmp' source='0,162,16,178' corner='2,2,2,2' mask='#FFFF00FF'&quot; bkhotimage=&quot;file='scrollbar.bmp' source='18,162,34,178' corner='2,2,2,2' mask='#FFFF00FF'&quot; bkpushedimage=&quot;file='scrollbar.bmp' source='36,162,52,178' corner='2,2,2,2' mask='#FFFF00FF'&quot; bkdisabledimage=&quot;file='scrollbar.bmp' source='54,162,70,178' corner='2,2,2,2' mask='#FFFF00FF'&quot; " />
	<!--VerticalLayout inset="4,0,4,4" bkimage="file='winbk.bmp' corner='4,48,4,4' mask='#FFFF00FF'" -->
	<VerticalLayout inset="0,0,0,4" bkcolor="#FF372F24">
		<HorizontalLayout height="32" inset="2,2,2,0"  bkimage="msg_bk.png" >
			<Label text="串口设置" width="80" />
		</HorizontalLayout>
		<HorizontalLayout >
			<Label name="label_com_no" text="串口号" textcolor="0xFFB9B899" align="right" float="true" pos="40,10,0,0" width="150" height="21" font="4" />
			<Combo name="combo_com_no"  float="true" pos="211, 9, 0, 0" width="93" height="21" normalimage="file='Combo_nor.bmp' corner='2,2,24,2'" hotimage="file='Combo_over.bmp' corner='2,2,24,2'" pushedimage="file='Combo_over.bmp' corner='2,2,24,2'" textpadding="1,1,1,1" >
				<ListLabelElement text="COM1" selected="true" />
				<ListLabelElement text="COM2" />
				<ListLabelElement text="COM3" />
				<ListLabelElement text="COM4" />
				<ListLabelElement text="COM5" />
				<ListLabelElement text="COM6" />
				<ListLabelElement text="COM7" />
				<ListLabelElement text="COM8" />
				<ListLabelElement text="COM9" />
				<ListLabelElement text="COM10" />
				<ListLabelElement text="COM11" />
				<ListLabelElement text="COM12" />
				<ListLabelElement text="COM13" />
				<ListLabelElement text="COM14" />
				<ListLabelElement text="COM15" />
				<ListLabelElement text="COM16" />
			</Combo>
			<Label name="label_com_baud" text="波特率" textcolor="0xFFB9B899" align="right" float="true" pos="40,50,0,0" width="150" height="21" font="4" />
			<Combo name="combo_com_baud" float="true" pos="211, 49, 0, 0" width="93" height="21" normalimage="file='Combo_nor.bmp' corner='2,2,24,2'" hotimage="file='Combo_over.bmp' corner='2,2,24,2'" pushedimage="file='Combo_over.bmp' corner='2,2,24,2'" textpadding="1,1,1,1" >
				<ListLabelElement text="9600" selected="true" />
				<ListLabelElement text="38400" />
				<ListLabelElement text="115200" />
			</Combo>
		</HorizontalLayout>
		<HorizontalLayout height="24">
			<Control width="140" />
			<Button name="btn_com_reset_ok" text="确定" width="60" normalimage="btn_normal.png" hotimage="btn_highlight.png" pushedimage="btn_down.png" />
			<Button name="closebtn" text="取消" width="60" normalimage="btn_normal2.png" hotimage="btn_highlight2.png" pushedimage="btn_down2.png"  />
		</HorizontalLayout>
    </VerticalLayout>
</Window>