<?xml version="1.0" encoding="utf-8" standalone="yes" ?>
<Window size="226,480">
    <VerticalLayout name="ctnPlaylist" bkcolor="#FF241D13">
		<TreeView name="treeview_set" visible="false" childpadding="0" multipleitem="true" inset="4,0,3,0" bordersize="1" bordercolor="#FF2B2B2B" itemtextcolor="#FFC8C6CB" itemhottextcolor="#FF241D00" selitemtextcolor="#FF241D13" itemhotbkcolor="#FF372F1C" itemselectedbkcolor="#FF372F24" vscrollbar="true" hscrollbar="true" >
		<!--	<TreeNode name="treenode_primary_set" text="基本设置" height="33" bkimage="treeview_header.png" itemattr="valign=&quot;vcenter&quot; font=&quot;1&quot; textpadding=&quot;12,0,0,0&quot;" folderattr="width=&quot;0&quot; float=&quot;true&quot;">
 		-->
 				<!--TreeNode name="treenode_primary_xtzt" text="系统状态" height="22" inset="7,0,0,0" itemattr="valign=&quot;vcenter&quot; font=&quot;4&quot;" folderattr="width=&quot;0&quot; float=&quot;true&quot;"/-->
    	<!--
    			<TreeNode name="treenode_primary_xtsz" text="系统设置" height="22" inset="7,0,0,0" itemattr="valign=&quot;vcenter&quot; font=&quot;4&quot;" folderattr="width=&quot;0&quot; float=&quot;true&quot;"/>
    			<TreeNode name="treenode_primary_xdxx" text="信道信息" height="22" inset="7,0,0,0" itemattr="valign=&quot;vcenter&quot; font=&quot;4&quot;" folderattr="width=&quot;0&quot; float=&quot;true&quot;"/>
			</TreeNode>
			<TreeNode name="treenode_senior_set" text="高级设置" height="33" bkimage="treeview_header.png" itemattr="valign=&quot;vcenter&quot; font=&quot;1&quot; textpadding=&quot;12,0,0,0&quot;" folderattr="width=&quot;0&quot; float=&quot;true&quot;">
		-->
			    <!--TreeNode name="treenode_senior_xtgj" text="系统高级" inset="-8,0,0,0" height="22" itemattr="valign=&quot;vcenter&quot; font=&quot;1&quot; textpadding=&quot;4,0,0,0&quot;" folderattr="padding=&quot;0,5,0,0&quot; width=&quot;12&quot; height=&quot;12&quot; selectedimage=&quot;file='treeview_expand.png' source='0,0,12,12' &quot; normalimage=&quot;file='treeview_expand.png' source='13,0,25,12' &quot;">
    				<TreeNode name="treenode_senior_xdxx" text="信道信息" height="22" inset="7,0,0,0" itemattr="valign=&quot;vcenter&quot; font=&quot;4&quot;" folderattr="width=&quot;0&quot; float=&quot;true&quot;"/>					    			
    				<TreeNode name="treenode_senior_gjsz" text="高级设置" height="22" inset="7,0,0,0" itemattr="valign=&quot;vcenter&quot; font=&quot;4&quot;" folderattr="width=&quot;0&quot; float=&quot;true&quot;"/>	
    				<TreeNode name="treenode_senior_spsz" text="视频设置" height="22" inset="7,0,0,0" itemattr="valign=&quot;vcenter&quot; font=&quot;4&quot;" folderattr="width=&quot;0&quot; float=&quot;true&quot;"/>				    			
				</TreeNode-->
		<!--
			</TreeNode>
			<TreeNode name="treenode_system_update" text="系统升级" height="33" bkimage="treeview_header.png" itemattr="valign=&quot;vcenter&quot; font=&quot;1&quot; textpadding=&quot;12,0,0,0&quot;" folderattr="width=&quot;0&quot; float=&quot;true&quot;">
   				<TreeNode name="treenode_system_xtsj" text="系统升级" height="22" inset="7,0,0,0" itemattr="valign=&quot;vcenter&quot; font=&quot;4&quot;" folderattr="width=&quot;0&quot; float=&quot;true&quot;"/>					    			
			</TreeNode>
			<TreeNode name="treenode_other" text="其他" height="33" bkimage="treeview_header.png" itemattr="valign=&quot;vcenter&quot; font=&quot;1&quot; textpadding=&quot;12,0,0,0&quot;" folderattr="width=&quot;0&quot; float=&quot;true&quot;">
				<TreeNode name="treenode_about" text="关于产品" height="22" inset="7,0,0,0" itemattr="valign=&quot;vcenter&quot; font=&quot;4&quot;" folderattr="width=&quot;0&quot; float=&quot;true&quot;"/>					    			
			</TreeNode>
		-->
		</TreeView>
    </VerticalLayout>
</Window>
