<?xml version="1.0" encoding="utf-8" standalone="yes" ?>
<Window size="968,600">
	<Default name="VScrollBar" value="button1normalimage=&quot;file='scrollbar.bmp' source='0,90,16,106' mask='#FFFF00FF'&quot; button1hotimage=&quot;file='scrollbar.bmp' source='18,90,34,106' mask='#FFFF00FF'&quot; button1pushedimage=&quot;file='scrollbar.bmp' source='36,90,52,106' mask='#FFFF00FF'&quot; button1disabledimage=&quot;file='scrollbar.bmp' source='54,90,70,106' mask='#FFFF00FF'&quot; button2normalimage=&quot;file='scrollbar.bmp' source='0,108,16,124' mask='#FFFF00FF'&quot; button2hotimage=&quot;file='scrollbar.bmp' source='18,108,34,124' mask='#FFFF00FF'&quot; button2pushedimage=&quot;file='scrollbar.bmp' source='36,108,52,124' mask='#FFFF00FF'&quot; button2disabledimage=&quot;file='scrollbar.bmp' source='54,108,70,124' mask='#FFFF00FF'&quot; thumbnormalimage=&quot;file='scrollbar.bmp' source='0,126,16,142' corner='2,2,2,2' mask='#FFFF00FF'&quot; thumbhotimage=&quot;file='scrollbar.bmp' source='18,126,34,142' corner='2,2,2,2' mask='#FFFF00FF'&quot; thumbpushedimage=&quot;file='scrollbar.bmp' source='36,126,52,142' corner='2,2,2,2' mask='#FFFF00FF'&quot; thumbdisabledimage=&quot;file='scrollbar.bmp' source='54,126,70,142' corner='2,2,2,2' mask='#FFFF00FF'&quot; railnormalimage=&quot;file='scrollbar.bmp' source='0,144,16,160' corner='2,2,2,2' mask='#FFFF00FF'&quot; railhotimage=&quot;file='scrollbar.bmp' source='18,144,34,160' corner='2,2,2,2' mask='#FFFF00FF'&quot; railpushedimage=&quot;file='scrollbar.bmp' source='36,144,52,160' corner='2,2,2,2' mask='#FFFF00FF'&quot; raildisabledimage=&quot;file='scrollbar.bmp' source='54,144,70,160' corner='2,2,2,2' mask='#FFFF00FF'&quot; bknormalimage=&quot;file='scrollbar.bmp' source='0,162,16,178' corner='2,2,2,2' mask='#FFFF00FF'&quot; bkhotimage=&quot;file='scrollbar.bmp' source='18,162,34,178' corner='2,2,2,2' mask='#FFFF00FF'&quot; bkpushedimage=&quot;file='scrollbar.bmp' source='36,162,52,178' corner='2,2,2,2' mask='#FFFF00FF'&quot; bkdisabledimage=&quot;file='scrollbar.bmp' source='54,162,70,178' corner='2,2,2,2' mask='#FFFF00FF'&quot; " />
	<VerticalLayout bkcolor="#FF0E1A2F">
    <!--VerticalLayout  width="768" height="600" bkcolor="#FF0E1A2F"-->
	    <HorizontalLayout name="device_send" visible="true" bkcolor="#FF1D160D">
	    	<HorizontalLayout>

	    		<VerticalLayout>
	    			<!--HorizontalLayout name="hlayout_list1"  /-->
		    		<HorizontalLayout >
			    			<!--HorizontalLayout width="160" /-->
							<List name="listex_sub" visible="false"  bkcolor="#FF1D160D" inset="0,0,0,0" itemshowhtml="true" vscrollbar="true" hscrollbar="true" headerbkimage="file='list_header_bg.png'" itemhotimage="file='' corner='2,1,2,1'" itemhotbkcolor="#FF1D160D" itemselectedimage="file='tree_select-.bmp' corner='2,1,2,1'" itemselectedbkcolor="#FF1D160D" itemalign="center" itembkcolor="#FF241D13" itemaltbk="true" hscrollbar="false" menu="true">
								<ListHeader height="2" menu="true">
									<ListHeaderItem name="header1" text="" minwidth="100" endellipsis="true" font="1" width="250" normalimage="headerctrl_normal.bmp" hotimage="headerctrl_hot.bmp" pushedimage="headerctrl_down.bmp" sepimage="Headerctrl_Sperator.bmp" sepwidth="2"/>
									<ListHeaderItem name="header2" text="" minwidth="120" endellipsis="true" font="1" width="150" normalimage="headerctrl_normal.bmp" hotimage="headerctrl_hot.bmp" pushedimage="headerctrl_down.bmp" sepimage="Headerctrl_Sperator.bmp" sepwidth="0"/>
									<ListHeaderItem name="header3" text="" minwidth="120" endellipsis="true" font="1" width="250" normalimage="headerctrl_normal.bmp" hotimage="headerctrl_hot.bmp" pushedimage="headerctrl_down.bmp" sepimage="Headerctrl_Sperator.bmp" sepwidth="0"/>
									<ListHeaderItem name="header4" text="" minwidth="120" endellipsis="true" font="1" width="150" normalimage="headerctrl_normal.bmp" hotimage="headerctrl_hot.bmp" pushedimage="headerctrl_down.bmp" sepimage="Headerctrl_Sperator.bmp" sepwidth="0"/>
								</ListHeader>
							</List>		
							<!--HorizontalLayout width="160" /-->
					</HorizontalLayout>
					<!--<HorizontalLayout name="hlayout_list2"  /-->
					<!--
					<Button name="btn_senior" text="高级模式" float="true" font="4" pos="200,500,0,0" width="69" height="23" textcolor="#00FFFFFF" disabledtextcolor="#FFA7A6AA" align="center" normalimage="button_nor.bmp" hotimage="button_down.bmp" pushedimage="button_over.bmp" />
					<Button name="btn_primary" text="普通模式" float="true" font="4" pos="300,500,0,0" width="69" height="23" textcolor="#00FFFFFF" disabledtextcolor="#FFA7A6AA" align="center" normalimage="button_nor.bmp" hotimage="button_down.bmp" pushedimage="button_over.bmp" />
					<Label name="label_pattern" text="普通模式" visible="true" align="right" float="true" pos="400,500,0,0" width="150" height="21" textcolor="#00FFFFFF" disabledtextcolor="#FFA7A6AA" font="4" />
					-->
				</VerticalLayout>
			</HorizontalLayout>
	    </HorizontalLayout>
    </VerticalLayout>
</Window>
