<?xml version="1.0" encoding="UTF-8"?>
<Window>
  <ListContainerElement >
  	<HorizontalLayout >
  		<VerticalLayout>
  			<HorizontalLayout >
  				<Label text="亮度" align="right" width="45" textcolor="#00888E91"/>
				<Slider name="slider_ld" value="0" min="0" max="255" float="false" pos="0,0,0,0" width="200" height="40" thumbsize="12,20" bkimage="file='slider_fore.bmp' mask='0xffff00ff'" thumbimage="file='SliderBar.png' mask='0xffffffff'"/>
			</HorizontalLayout>
			<HorizontalLayout >
				<Label text="色彩" align="right" width="45" textcolor="#00888E91"/>
				<Slider name="slider_sc" value="0" min="0" max="255" float="false" pos="0,0,0,0" width="200" height="40" thumbsize="12,20" bkimage="file='slider_fore.bmp' mask='0xffff00ff'" thumbimage="file='SliderBar.png' mask='0xffffffff'"/>
			</HorizontalLayout>
			<HorizontalLayout >
				<Label text="对比度" align="right" width="45" textcolor="#00888E91"/>
				<Slider name="slider_dbd" value="0" min="0" max="255" float="false" pos="0,0,0,0" width="200" height="40" thumbsize="12,20" bkimage="file='slider_fore.bmp' mask='0xffff00ff'" thumbimage="file='SliderBar.png' mask='0xffffffff'"/>
			</HorizontalLayout>
		</VerticalLayout>
	</HorizontalLayout>
	<HorizontalLayout >
		<VerticalLayout>
			<HorizontalLayout >
  				<Label name="label_ld" text="" align="left" width="45" textcolor="#00888E91"/>
			</HorizontalLayout>
			<HorizontalLayout >
				<Label name="label_sc" text="" align="left" width="45" textcolor="#00888E91"/>
			</HorizontalLayout>
			<HorizontalLayout >
				<Label name="label_dbd" text="" align="left" width="45" textcolor="#00888E91"/>
				<Button name="btn_spsz" text="设置" float="true" pos="50,20,0,0" width="50" height="20" normalimage="btn_normal.png" hotimage="btn_highlight.png" pushedimage="btn_down.png"></Button>
			</HorizontalLayout>
		</VerticalLayout>
	</HorizontalLayout>
  </ListContainerElement>
</Window>