<?xml version="1.0" encoding="utf-8" standalone="yes" ?>
<Window size="968,600" sizebox="4,4,4,4" caption="0,0,150,40" mininfo="968,600">
    <Font name="微软雅黑" size="14" bold="false" italic="false" />
    <!--Font id="1" name="微软雅黑 方正兰亭超细黑简体 Microsoft Sans Serif" size="14" bold="true" italic="false" /-->
    <Font id="1" name="方正兰亭超细黑简体" size="14" bold="true" italic="false" />
    <Font name="微软雅黑" size="10" bold="false" />
    <Font id="3" name="Microsoft Sans Serif" size="18" bold="false" />
    <Font id="4" name="Microsoft Sans Serif" size="13" bold="false" />
	<!--Include source="scrollbar.xml" /-->
    <VerticalLayout bkcolor="#FF070707">
        <Caption height="40" />
        <TabLayout name="tabCaption">
        	<VerticalLayout>
        		<HorizontalLayout  bkcolor="#FF372F24" height="30">
        			<Button name="btn_com_reset" text="" visible="true" width="30" height="30" textcolor="#00FFFFFF" disabledtextcolor="#FFA7A6AA" align="center" normalimage="btn_normal_com.png" hotimage="btn_hot_com.png" pushedimage="btn_select_com.png" />
			    	<Label name="label_device_info" text="" float="false"  width="400" height="30" textcolor="#00B9B899" disabledtextcolor="#FFA7A6AA" font="4" />
			    	<VerticalLayout />
			    	<Button name="btn_back" text="" visible="false" width="30" height="30" textcolor="#00FFFFFF" disabledtextcolor="#FFA7A6AA" align="center" normalimage="btn_normal_back.png" hotimage="btn_hot_back.png" pushedimage="btn_select_back.png" />
			   	</HorizontalLayout>
	            <HorizontalLayout name="tablay_hlay_main">
	            	<SetList  width="258"/>
	            	<SetParam  />
	            </HorizontalLayout>
	            <HorizontalLayout name="tablay_hlay_sub" visible="false">
	            	<SetListSub  width="258"/>
	            	<SetParamSub  />
	            </HorizontalLayout>
            </VerticalLayout>
        </TabLayout>
    </VerticalLayout>
</Window>
